"Filename","New_Process_Name"
"arp.exe","c:\windows\syswow64\arp.exe"
"at.exe","c:\windows\syswow64\at.exe"
"atbroker.exe","c:\windows\syswow64\atbroker.exe"
"attrib.exe","c:\windows\syswow64\attrib.exe"
"auditpol.exe","c:\windows\syswow64\auditpol.exe"
"autochk.exe","c:\windows\syswow64\autochk.exe"
"autoconv.exe","c:\windows\syswow64\autoconv.exe"
"autofmt.exe","c:\windows\syswow64\autofmt.exe"
"backgroundtaskhost.exe","c:\windows\syswow64\backgroundtaskhost.exe"
"backgroundtransferhost.exe","c:\windows\syswow64\backgroundtransferhost.exe"
"bitsadmin.exe","c:\windows\syswow64\bitsadmin.exe"
"bootcfg.exe","c:\windows\syswow64\bootcfg.exe"
"bytecodegenerator.exe","c:\windows\syswow64\bytecodegenerator.exe"
"cacls.exe","c:\windows\syswow64\cacls.exe"
"calc.exe","c:\windows\syswow64\calc.exe"
"certenrollctrl.exe","c:\windows\syswow64\certenrollctrl.exe"
"certreq.exe","c:\windows\syswow64\certreq.exe"
"certutil.exe","c:\windows\syswow64\certutil.exe"
"change.exe","c:\windows\syswow64\change.exe"
"checknetisolation.exe","c:\windows\syswow64\checknetisolation.exe"
"chglogon.exe","c:\windows\syswow64\chglogon.exe"
"chgport.exe","c:\windows\syswow64\chgport.exe"
"chgusr.exe","c:\windows\syswow64\chgusr.exe"
"chkdsk.exe","c:\windows\syswow64\chkdsk.exe"
"chkntfs.exe","c:\windows\syswow64\chkntfs.exe"
"choice.exe","c:\windows\syswow64\choice.exe"
"cipher.exe","c:\windows\syswow64\cipher.exe"
"cliconfg.exe","c:\windows\syswow64\cliconfg.exe"
"clip.exe","c:\windows\syswow64\clip.exe"
"cmd.exe","c:\windows\syswow64\cmd.exe"
"cmdkey.exe","c:\windows\syswow64\cmdkey.exe"
"cmdl32.exe","c:\windows\syswow64\cmdl32.exe"
"cmmon32.exe","c:\windows\syswow64\cmmon32.exe"
"cmstp.exe","c:\windows\syswow64\cmstp.exe"
"colorcpl.exe","c:\windows\syswow64\colorcpl.exe"
"comp.exe","c:\windows\syswow64\comp.exe"
"compact.exe","c:\windows\syswow64\compact.exe"
"computerdefaults.exe","c:\windows\syswow64\computerdefaults.exe"
"control.exe","c:\windows\syswow64\control.exe"
"convert.exe","c:\windows\syswow64\convert.exe"
"credentialuibroker.exe","c:\windows\syswow64\credentialuibroker.exe"
"credwiz.exe","c:\windows\syswow64\credwiz.exe"
"cscript.exe","c:\windows\syswow64\cscript.exe"
"csvde.exe","c:\windows\syswow64\csvde.exe"
"ctfmon.exe","c:\windows\syswow64\ctfmon.exe"
"cttune.exe","c:\windows\syswow64\cttune.exe"
"cttunesvr.exe","c:\windows\syswow64\cttunesvr.exe"
"dcdiag.exe","c:\windows\syswow64\dcdiag.exe"
"dcgpofix.exe","c:\windows\syswow64\dcgpofix.exe"
"dcomcnfg.exe","c:\windows\syswow64\dcomcnfg.exe"
"ddodiag.exe","c:\windows\syswow64\ddodiag.exe"
"devicepairingwizard.exe","c:\windows\syswow64\devicepairingwizard.exe"
"deviceproperties.exe","c:\windows\syswow64\deviceproperties.exe"
"dfrgui.exe","c:\windows\syswow64\dfrgui.exe"
"dfsfrshost.exe","c:\windows\syswow64\dfsfrshost.exe"
"dialer.exe","c:\windows\syswow64\dialer.exe"
"diskpart.exe","c:\windows\syswow64\diskpart.exe"
"diskperf.exe","c:\windows\syswow64\diskperf.exe"
"diskraid.exe","c:\windows\syswow64\diskraid.exe"
"diskshadow.exe","c:\windows\syswow64\diskshadow.exe"
"dism.exe","c:\windows\syswow64\dism.exe"
"displayswitch.exe","c:\windows\syswow64\displayswitch.exe"
"dllhost.exe","c:\windows\syswow64\dllhost.exe"
"dllhst3g.exe","c:\windows\syswow64\dllhst3g.exe"
"doskey.exe","c:\windows\syswow64\doskey.exe"
"dpapimig.exe","c:\windows\syswow64\dpapimig.exe"
"dpiscaling.exe","c:\windows\syswow64\dpiscaling.exe"
"dplaysvr.exe","c:\windows\syswow64\dplaysvr.exe"
"dpnsvr.exe","c:\windows\syswow64\dpnsvr.exe"
"driverquery.exe","c:\windows\syswow64\driverquery.exe"
"drvinst.exe","c:\windows\syswow64\drvinst.exe"
"dsacls.exe","c:\windows\syswow64\dsacls.exe"
"dsadd.exe","c:\windows\syswow64\dsadd.exe"
"dsdbutil.exe","c:\windows\syswow64\dsdbutil.exe"
"dsget.exe","c:\windows\syswow64\dsget.exe"
"dsmgmt.exe","c:\windows\syswow64\dsmgmt.exe"
"dsmod.exe","c:\windows\syswow64\dsmod.exe"
"dsmove.exe","c:\windows\syswow64\dsmove.exe"
"dsquery.exe","c:\windows\syswow64\dsquery.exe"
"dsrm.exe","c:\windows\syswow64\dsrm.exe"
"dvdplay.exe","c:\windows\syswow64\dvdplay.exe"
"dvdupgrd.exe","c:\windows\syswow64\dvdupgrd.exe"
"dwwin.exe","c:\windows\syswow64\dwwin.exe"
"dxdiag.exe","c:\windows\syswow64\dxdiag.exe"
"easeofaccessdialog.exe","c:\windows\syswow64\easeofaccessdialog.exe"
"efsui.exe","c:\windows\syswow64\efsui.exe"
"esentutl.exe","c:\windows\syswow64\esentutl.exe"
"eventcreate.exe","c:\windows\syswow64\eventcreate.exe"
"eventvwr.exe","c:\windows\syswow64\eventvwr.exe"
"expand.exe","c:\windows\syswow64\expand.exe"
"explorer.exe","c:\windows\syswow64\explorer.exe"
"extrac32.exe","c:\windows\syswow64\extrac32.exe"
"fc.exe","c:\windows\syswow64\fc.exe"
"find.exe","c:\windows\syswow64\find.exe"
"findstr.exe","c:\windows\syswow64\findstr.exe"
"finger.exe","c:\windows\syswow64\finger.exe"
"fixmapi.exe","c:\windows\syswow64\fixmapi.exe"
"fltmc.exe","c:\windows\syswow64\fltmc.exe"
"fondue.exe","c:\windows\syswow64\fondue.exe"
"fontview.exe","c:\windows\syswow64\fontview.exe"
"forfiles.exe","c:\windows\syswow64\forfiles.exe"
"fsutil.exe","c:\windows\syswow64\fsutil.exe"
"ftp.exe","c:\windows\syswow64\ftp.exe"
"getmac.exe","c:\windows\syswow64\getmac.exe"
"gpfixup.exe","c:\windows\syswow64\gpfixup.exe"
"gpresult.exe","c:\windows\syswow64\gpresult.exe"
"gpscript.exe","c:\windows\syswow64\gpscript.exe"
"gpupdate.exe","c:\windows\syswow64\gpupdate.exe"
"grpconv.exe","c:\windows\syswow64\grpconv.exe"
"hdwwiz.exe","c:\windows\syswow64\hdwwiz.exe"
"help.exe","c:\windows\syswow64\help.exe"
"hh.exe","c:\windows\syswow64\hh.exe"
"hostname.exe","c:\windows\syswow64\hostname.exe"
"iashost.exe","c:\windows\syswow64\iashost.exe"
"icacls.exe","c:\windows\syswow64\icacls.exe"
"icsunattend.exe","c:\windows\syswow64\icsunattend.exe"
"ieunatt.exe","c:\windows\syswow64\ieunatt.exe"
"iexpress.exe","c:\windows\syswow64\iexpress.exe"
"infdefaultinstall.exe","c:\windows\syswow64\infdefaultinstall.exe"
"instnm.exe","c:\windows\syswow64\instnm.exe"
"ipconfig.exe","c:\windows\syswow64\ipconfig.exe"
"iscsicli.exe","c:\windows\syswow64\iscsicli.exe"
"iscsicpl.exe","c:\windows\syswow64\iscsicpl.exe"
"klist.exe","c:\windows\syswow64\klist.exe"
"ksetup.exe","c:\windows\syswow64\ksetup.exe"
"ktmutil.exe","c:\windows\syswow64\ktmutil.exe"
"ktpass.exe","c:\windows\syswow64\ktpass.exe"
"label.exe","c:\windows\syswow64\label.exe"
"launchtm.exe","c:\windows\syswow64\launchtm.exe"
"ldifde.exe","c:\windows\syswow64\ldifde.exe"
"ldp.exe","c:\windows\syswow64\ldp.exe"
"licensingdiag.exe","c:\windows\syswow64\licensingdiag.exe"
"lodctr.exe","c:\windows\syswow64\lodctr.exe"
"logman.exe","c:\windows\syswow64\logman.exe"
"logoff.exe","c:\windows\syswow64\logoff.exe"
"magnify.exe","c:\windows\syswow64\magnify.exe"
"makecab.exe","c:\windows\syswow64\makecab.exe"
"mcbuilder.exe","c:\windows\syswow64\mcbuilder.exe"
"mmc.exe","c:\windows\syswow64\mmc.exe"
"mountvol.exe","c:\windows\syswow64\mountvol.exe"
"mrinfo.exe","c:\windows\syswow64\mrinfo.exe"
"msdt.exe","c:\windows\syswow64\msdt.exe"
"msfeedssync.exe","c:\windows\syswow64\msfeedssync.exe"
"msg.exe","c:\windows\syswow64\msg.exe"
"mshta.exe","c:\windows\syswow64\mshta.exe"
"msiexec.exe","c:\windows\syswow64\msiexec.exe"
"msinfo32.exe","c:\windows\syswow64\msinfo32.exe"
"mspaint.exe","c:\windows\syswow64\mspaint.exe"
"msspellcheckinghost.exe","c:\windows\syswow64\msspellcheckinghost.exe"
"mstsc.exe","c:\windows\syswow64\mstsc.exe"
"mtstocom.exe","c:\windows\syswow64\mtstocom.exe"
"muiunattend.exe","c:\windows\syswow64\muiunattend.exe"
"napstat.exe","c:\windows\syswow64\napstat.exe"
"narrator.exe","c:\windows\syswow64\narrator.exe"
"ndadmin.exe","c:\windows\syswow64\ndadmin.exe"
"net.exe","c:\windows\syswow64\net.exe"
"net1.exe","c:\windows\syswow64\net1.exe"
"netbtugc.exe","c:\windows\syswow64\netbtugc.exe"
"netdom.exe","c:\windows\syswow64\netdom.exe"
"netiougc.exe","c:\windows\syswow64\netiougc.exe"
"netplwiz.exe","c:\windows\syswow64\netplwiz.exe"
"netsh.exe","c:\windows\syswow64\netsh.exe"
"netstat.exe","c:\windows\syswow64\netstat.exe"
"newdev.exe","c:\windows\syswow64\newdev.exe"
"nltest.exe","c:\windows\syswow64\nltest.exe"
"notepad.exe","c:\windows\syswow64\notepad.exe"
"nslookup.exe","c:\windows\syswow64\nslookup.exe"
"ntdsutil.exe","c:\windows\syswow64\ntdsutil.exe"
"ntprint.exe","c:\windows\syswow64\ntprint.exe"
"odbcad32.exe","c:\windows\syswow64\odbcad32.exe"
"odbcconf.exe","c:\windows\syswow64\odbcconf.exe"
"openfiles.exe","c:\windows\syswow64\openfiles.exe"
"openwith.exe","c:\windows\syswow64\openwith.exe"
"osk.exe","c:\windows\syswow64\osk.exe"
"pathping.exe","c:\windows\syswow64\pathping.exe"
"pcaui.exe","c:\windows\syswow64\pcaui.exe"
"perfhost.exe","c:\windows\syswow64\perfhost.exe"
"perfmon.exe","c:\windows\syswow64\perfmon.exe"
"pickerhost.exe","c:\windows\syswow64\pickerhost.exe"
"ping.exe","c:\windows\syswow64\ping.exe"
"pkgmgr.exe","c:\windows\syswow64\pkgmgr.exe"
"poqexec.exe","c:\windows\syswow64\poqexec.exe"
"powercfg.exe","c:\windows\syswow64\powercfg.exe"
"presentationhost.exe","c:\windows\syswow64\presentationhost.exe"
"prevhost.exe","c:\windows\syswow64\prevhost.exe"
"print.exe","c:\windows\syswow64\print.exe"
"printui.exe","c:\windows\syswow64\printui.exe"
"proquota.exe","c:\windows\syswow64\proquota.exe"
"psr.exe","c:\windows\syswow64\psr.exe"
"qappsrv.exe","c:\windows\syswow64\qappsrv.exe"
"qprocess.exe","c:\windows\syswow64\qprocess.exe"
"query.exe","c:\windows\syswow64\query.exe"
"quser.exe","c:\windows\syswow64\quser.exe"
"qwinsta.exe","c:\windows\syswow64\qwinsta.exe"
"rasautou.exe","c:\windows\syswow64\rasautou.exe"
"rasdial.exe","c:\windows\syswow64\rasdial.exe"
"rasphone.exe","c:\windows\syswow64\rasphone.exe"
"rdpinit.exe","c:\windows\syswow64\rdpinit.exe"
"rdpsa.exe","c:\windows\syswow64\rdpsa.exe"
"rdpsaproxy.exe","c:\windows\syswow64\rdpsaproxy.exe"
"rdpsauachelper.exe","c:\windows\syswow64\rdpsauachelper.exe"
"rdpshell.exe","c:\windows\syswow64\rdpshell.exe"
"rdpsign.exe","c:\windows\syswow64\rdpsign.exe"
"reagentc.exe","c:\windows\syswow64\reagentc.exe"
"recover.exe","c:\windows\syswow64\recover.exe"
"redircmp.exe","c:\windows\syswow64\redircmp.exe"
"redirusr.exe","c:\windows\syswow64\redirusr.exe"
"reg.exe","c:\windows\syswow64\reg.exe"
"regedit.exe","c:\windows\syswow64\regedit.exe"
"regedt32.exe","c:\windows\syswow64\regedt32.exe"
"regini.exe","c:\windows\syswow64\regini.exe"
"register-cimprovider.exe","c:\windows\syswow64\register-cimprovider.exe"
"regsvr32.exe","c:\windows\syswow64\regsvr32.exe"
"rekeywiz.exe","c:\windows\syswow64\rekeywiz.exe"
"relog.exe","c:\windows\syswow64\relog.exe"
"rendom.exe","c:\windows\syswow64\rendom.exe"
"repadmin.exe","c:\windows\syswow64\repadmin.exe"
"replace.exe","c:\windows\syswow64\replace.exe"
"reset.exe","c:\windows\syswow64\reset.exe"
"resmon.exe","c:\windows\syswow64\resmon.exe"
"rmactivate.exe","c:\windows\syswow64\rmactivate.exe"
"rmactivate_isv.exe","c:\windows\syswow64\rmactivate_isv.exe"
"rmactivate_ssp.exe","c:\windows\syswow64\rmactivate_ssp.exe"
"rmactivate_ssp_isv.exe","c:\windows\syswow64\rmactivate_ssp_isv.exe"
"rmclient.exe","c:\windows\syswow64\rmclient.exe"
"robocopy.exe","c:\windows\syswow64\robocopy.exe"
"route.exe","c:\windows\syswow64\route.exe"
"rpcping.exe","c:\windows\syswow64\rpcping.exe"
"rsopprov.exe","c:\windows\syswow64\rsopprov.exe"
"runas.exe","c:\windows\syswow64\runas.exe"
"rundll32.exe","c:\windows\syswow64\rundll32.exe"
"runlegacycplelevated.exe","c:\windows\syswow64\runlegacycplelevated.exe"
"runonce.exe","c:\windows\syswow64\runonce.exe"
"rwinsta.exe","c:\windows\syswow64\rwinsta.exe"
"sc.exe","c:\windows\syswow64\sc.exe"
"schtasks.exe","c:\windows\syswow64\schtasks.exe"
"sdbinst.exe","c:\windows\syswow64\sdbinst.exe"
"sdiagnhost.exe","c:\windows\syswow64\sdiagnhost.exe"
"secedit.exe","c:\windows\syswow64\secedit.exe"
"sethc.exe","c:\windows\syswow64\sethc.exe"
"setspn.exe","c:\windows\syswow64\setspn.exe"
"setup16.exe","c:\windows\syswow64\setup16.exe"
"setupugc.exe","c:\windows\syswow64\setupugc.exe"
"setx.exe","c:\windows\syswow64\setx.exe"
"sfc.exe","c:\windows\syswow64\sfc.exe"
"shrpubw.exe","c:\windows\syswow64\shrpubw.exe"
"shutdown.exe","c:\windows\syswow64\shutdown.exe"
"smartscreensettings.exe","c:\windows\syswow64\smartscreensettings.exe"
"sndvol.exe","c:\windows\syswow64\sndvol.exe"
"sort.exe","c:\windows\syswow64\sort.exe"
"subst.exe","c:\windows\syswow64\subst.exe"
"svchost.exe","c:\windows\syswow64\svchost.exe"
"sxstrace.exe","c:\windows\syswow64\sxstrace.exe"
"synchost.exe","c:\windows\syswow64\synchost.exe"
"syskey.exe","c:\windows\syswow64\syskey.exe"
"systeminfo.exe","c:\windows\syswow64\systeminfo.exe"
"systempropertiesadvanced.exe","c:\windows\syswow64\systempropertiesadvanced.exe"
"systempropertiescomputername.exe","c:\windows\syswow64\systempropertiescomputername.exe"
"systempropertiesdataexecutionprevention.exe","c:\windows\syswow64\systempropertiesdataexecutionprevention.exe"
"systempropertieshardware.exe","c:\windows\syswow64\systempropertieshardware.exe"
"systempropertiesperformance.exe","c:\windows\syswow64\systempropertiesperformance.exe"
"systempropertiesprotection.exe","c:\windows\syswow64\systempropertiesprotection.exe"
"systempropertiesremote.exe","c:\windows\syswow64\systempropertiesremote.exe"
"systray.exe","c:\windows\syswow64\systray.exe"
"takeown.exe","c:\windows\syswow64\takeown.exe"
"tapiunattend.exe","c:\windows\syswow64\tapiunattend.exe"
"taskeng.exe","c:\windows\syswow64\taskeng.exe"
"taskkill.exe","c:\windows\syswow64\taskkill.exe"
"tasklist.exe","c:\windows\syswow64\tasklist.exe"
"taskmgr.exe","c:\windows\syswow64\taskmgr.exe"
"tcmsetup.exe","c:\windows\syswow64\tcmsetup.exe"
"tcpsvcs.exe","c:\windows\syswow64\tcpsvcs.exe"
"thumbnailextractionhost.exe","c:\windows\syswow64\thumbnailextractionhost.exe"
"timeout.exe","c:\windows\syswow64\timeout.exe"
"tpminit.exe","c:\windows\syswow64\tpminit.exe"
"tracerpt.exe","c:\windows\syswow64\tracerpt.exe"
"tracert.exe","c:\windows\syswow64\tracert.exe"
"tscon.exe","c:\windows\syswow64\tscon.exe"
"tsdiscon.exe","c:\windows\syswow64\tsdiscon.exe"
"tsecimp.exe","c:\windows\syswow64\tsecimp.exe"
"tskill.exe","c:\windows\syswow64\tskill.exe"
"tstheme.exe","c:\windows\syswow64\tstheme.exe"
"typeperf.exe","c:\windows\syswow64\typeperf.exe"
"tzutil.exe","c:\windows\syswow64\tzutil.exe"
"unlodctr.exe","c:\windows\syswow64\unlodctr.exe"
"upnpcont.exe","c:\windows\syswow64\upnpcont.exe"
"user.exe","c:\windows\syswow64\user.exe"
"useraccountbroker.exe","c:\windows\syswow64\useraccountbroker.exe"
"useraccountcontrolsettings.exe","c:\windows\syswow64\useraccountcontrolsettings.exe"
"userinit.exe","c:\windows\syswow64\userinit.exe"
"utilman.exe","c:\windows\syswow64\utilman.exe"
"verclsid.exe","c:\windows\syswow64\verclsid.exe"
"verifier.exe","c:\windows\syswow64\verifier.exe"
"vssadmin.exe","c:\windows\syswow64\vssadmin.exe"
"vssuirun.exe","c:\windows\syswow64\vssuirun.exe"
"w32tm.exe","c:\windows\syswow64\w32tm.exe"
"waitfor.exe","c:\windows\syswow64\waitfor.exe"
"wecutil.exe","c:\windows\syswow64\wecutil.exe"
"werfault.exe","c:\windows\syswow64\werfault.exe"
"werfaultsecure.exe","c:\windows\syswow64\werfaultsecure.exe"
"wermgr.exe","c:\windows\syswow64\wermgr.exe"
"wevtutil.exe","c:\windows\syswow64\wevtutil.exe"
"wextract.exe","c:\windows\syswow64\wextract.exe"
"where.exe","c:\windows\syswow64\where.exe"
"whoami.exe","c:\windows\syswow64\whoami.exe"
"winrs.exe","c:\windows\syswow64\winrs.exe"
"winrshost.exe","c:\windows\syswow64\winrshost.exe"
"winver.exe","c:\windows\syswow64\winver.exe"
"wowreg32.exe","c:\windows\syswow64\wowreg32.exe"
"write.exe","c:\windows\syswow64\write.exe"
"wscript.exe","c:\windows\syswow64\wscript.exe"
"wsmanhttpconfig.exe","c:\windows\syswow64\wsmanhttpconfig.exe"
"wsmprovhost.exe","c:\windows\syswow64\wsmprovhost.exe"
"wuapp.exe","c:\windows\syswow64\wuapp.exe"
"wusa.exe","c:\windows\syswow64\wusa.exe"
"wwahost.exe","c:\windows\syswow64\wwahost.exe"
"xcopy.exe","c:\windows\syswow64\xcopy.exe"
"xwizard.exe","c:\windows\syswow64\xwizard.exe"
"aitagent.exe","c:\windows\system32\aitagent.exe"
"aitstatic.exe","c:\windows\system32\aitstatic.exe"
"alg.exe","c:\windows\system32\alg.exe"
"appidcertstorecheck.exe","c:\windows\system32\appidcertstorecheck.exe"
"appidpolicyconverter.exe","c:\windows\system32\appidpolicyconverter.exe"
"arp.exe","c:\windows\system32\arp.exe"
"at.exe","c:\windows\system32\at.exe"
"atbroker.exe","c:\windows\system32\atbroker.exe"
"attrib.exe","c:\windows\system32\attrib.exe"
"audiodg.exe","c:\windows\system32\audiodg.exe"
"auditpol.exe","c:\windows\system32\auditpol.exe"
"authhost.exe","c:\windows\system32\authhost.exe"
"autochk.exe","c:\windows\system32\autochk.exe"
"autoconv.exe","c:\windows\system32\autoconv.exe"
"autofmt.exe","c:\windows\system32\autofmt.exe"
"autoworkplace.exe","c:\windows\system32\autoworkplace.exe"
"backgroundtaskhost.exe","c:\windows\system32\backgroundtaskhost.exe"
"backgroundtransferhost.exe","c:\windows\system32\backgroundtransferhost.exe"
"bcdboot.exe","c:\windows\system32\bcdboot.exe"
"bcdedit.exe","c:\windows\system32\bcdedit.exe"
"bitsadmin.exe","c:\windows\system32\bitsadmin.exe"
"bootcfg.exe","c:\windows\system32\bootcfg.exe"
"bootim.exe","c:\windows\system32\bootim.exe"
"bridgeunattend.exe","c:\windows\system32\bridgeunattend.exe"
"bytecodegenerator.exe","c:\windows\system32\bytecodegenerator.exe"
"cacls.exe","c:\windows\system32\cacls.exe"
"calc.exe","c:\windows\system32\calc.exe"
"ceipdata.exe","c:\windows\system32\ceipdata.exe"
"certenrollctrl.exe","c:\windows\system32\certenrollctrl.exe"
"certreq.exe","c:\windows\system32\certreq.exe"
"certutil.exe","c:\windows\system32\certutil.exe"
"change.exe","c:\windows\system32\change.exe"
"changepk.exe","c:\windows\system32\changepk.exe"
"checknetisolation.exe","c:\windows\system32\checknetisolation.exe"
"chglogon.exe","c:\windows\system32\chglogon.exe"
"chgport.exe","c:\windows\system32\chgport.exe"
"chgusr.exe","c:\windows\system32\chgusr.exe"
"chkdsk.exe","c:\windows\system32\chkdsk.exe"
"chkntfs.exe","c:\windows\system32\chkntfs.exe"
"choice.exe","c:\windows\system32\choice.exe"
"cipher.exe","c:\windows\system32\cipher.exe"
"cliconfg.exe","c:\windows\system32\cliconfg.exe"
"clip.exe","c:\windows\system32\clip.exe"
"cmd.exe","c:\windows\system32\cmd.exe"
"cmdkey.exe","c:\windows\system32\cmdkey.exe"
"cmdl32.exe","c:\windows\system32\cmdl32.exe"
"cmmon32.exe","c:\windows\system32\cmmon32.exe"
"cmstp.exe","c:\windows\system32\cmstp.exe"
"cofire.exe","c:\windows\system32\cofire.exe"
"colorcpl.exe","c:\windows\system32\colorcpl.exe"
"comp.exe","c:\windows\system32\comp.exe"
"compact.exe","c:\windows\system32\compact.exe"
"compmgmtlauncher.exe","c:\windows\system32\compmgmtlauncher.exe"
"computerdefaults.exe","c:\windows\system32\computerdefaults.exe"
"configure-smremoting.exe","c:\windows\system32\configure-smremoting.exe"
"conhost.exe","c:\windows\system32\conhost.exe"
"consent.exe","c:\windows\system32\consent.exe"
"control.exe","c:\windows\system32\control.exe"
"convert.exe","c:\windows\system32\convert.exe"
"credentialuibroker.exe","c:\windows\system32\credentialuibroker.exe"
"credwiz.exe","c:\windows\system32\credwiz.exe"
"cscript.exe","c:\windows\system32\cscript.exe"
"csrss.exe","c:\windows\system32\csrss.exe"
"csvde.exe","c:\windows\system32\csvde.exe"
"ctfmon.exe","c:\windows\system32\ctfmon.exe"
"cttune.exe","c:\windows\system32\cttune.exe"
"cttunesvr.exe","c:\windows\system32\cttunesvr.exe"
"dashost.exe","c:\windows\system32\dashost.exe"
"dcdiag.exe","c:\windows\system32\dcdiag.exe"
"dcgpofix.exe","c:\windows\system32\dcgpofix.exe"
"dcomcnfg.exe","c:\windows\system32\dcomcnfg.exe"
"dcpromo.exe","c:\windows\system32\dcpromo.exe"
"ddodiag.exe","c:\windows\system32\ddodiag.exe"
"defrag.exe","c:\windows\system32\defrag.exe"
"deviceeject.exe","c:\windows\system32\deviceeject.exe"
"devicepairingwizard.exe","c:\windows\system32\devicepairingwizard.exe"
"deviceproperties.exe","c:\windows\system32\deviceproperties.exe"
"dfrgui.exe","c:\windows\system32\dfrgui.exe"
"dfscmd.exe","c:\windows\system32\dfscmd.exe"
"dfsdiag.exe","c:\windows\system32\dfsdiag.exe"
"dfsfrshost.exe","c:\windows\system32\dfsfrshost.exe"
"dfsrmig.exe","c:\windows\system32\dfsrmig.exe"
"dfsrs.exe","c:\windows\system32\dfsrs.exe"
"dfssvc.exe","c:\windows\system32\dfssvc.exe"
"dfsutil.exe","c:\windows\system32\dfsutil.exe"
"dialer.exe","c:\windows\system32\dialer.exe"
"diskpart.exe","c:\windows\system32\diskpart.exe"
"diskperf.exe","c:\windows\system32\diskperf.exe"
"diskraid.exe","c:\windows\system32\diskraid.exe"
"diskshadow.exe","c:\windows\system32\diskshadow.exe"
"dism.exe","c:\windows\system32\dism.exe"
"dispdiag.exe","c:\windows\system32\dispdiag.exe"
"displayswitch.exe","c:\windows\system32\displayswitch.exe"
"djoin.exe","c:\windows\system32\djoin.exe"
"dllhost.exe","c:\windows\system32\dllhost.exe"
"dllhst3g.exe","c:\windows\system32\dllhst3g.exe"
"dns.exe","c:\windows\system32\dns.exe"
"dnscacheugc.exe","c:\windows\system32\dnscacheugc.exe"
"dnscmd.exe","c:\windows\system32\dnscmd.exe"
"doskey.exe","c:\windows\system32\doskey.exe"
"dpapimig.exe","c:\windows\system32\dpapimig.exe"
"dpiscaling.exe","c:\windows\system32\dpiscaling.exe"
"dpnsvr.exe","c:\windows\system32\dpnsvr.exe"
"driverquery.exe","c:\windows\system32\driverquery.exe"
"drvcfg.exe","c:\windows\system32\drvcfg.exe"
"drvinst.exe","c:\windows\system32\drvinst.exe"
"dsac.exe","c:\windows\system32\dsac.exe"
"dsacls.exe","c:\windows\system32\dsacls.exe"
"dsadd.exe","c:\windows\system32\dsadd.exe"
"dsamain.exe","c:\windows\system32\dsamain.exe"
"dsdbutil.exe","c:\windows\system32\dsdbutil.exe"
"dsget.exe","c:\windows\system32\dsget.exe"
"dsmgmt.exe","c:\windows\system32\dsmgmt.exe"
"dsmod.exe","c:\windows\system32\dsmod.exe"
"dsmove.exe","c:\windows\system32\dsmove.exe"
"dsmusertask.exe","c:\windows\system32\dsmusertask.exe"
"dsquery.exe","c:\windows\system32\dsquery.exe"
"dsrm.exe","c:\windows\system32\dsrm.exe"
"dvdplay.exe","c:\windows\system32\dvdplay.exe"
"dvdupgrd.exe","c:\windows\system32\dvdupgrd.exe"
"dwm.exe","c:\windows\system32\dwm.exe"
"dwwin.exe","c:\windows\system32\dwwin.exe"
"dxdiag.exe","c:\windows\system32\dxdiag.exe"
"dxpserver.exe","c:\windows\system32\dxpserver.exe"
"eap3host.exe","c:\windows\system32\eap3host.exe"
"easeofaccessdialog.exe","c:\windows\system32\easeofaccessdialog.exe"
"easinvoker.exe","c:\windows\system32\easinvoker.exe"
"efsui.exe","c:\windows\system32\efsui.exe"
"escunattend.exe","c:\windows\system32\escunattend.exe"
"esentutl.exe","c:\windows\system32\esentutl.exe"
"eventcreate.exe","c:\windows\system32\eventcreate.exe"
"eventvwr.exe","c:\windows\system32\eventvwr.exe"
"expand.exe","c:\windows\system32\expand.exe"
"extrac32.exe","c:\windows\system32\extrac32.exe"
"fc.exe","c:\windows\system32\fc.exe"
"find.exe","c:\windows\system32\find.exe"
"findstr.exe","c:\windows\system32\findstr.exe"
"finger.exe","c:\windows\system32\finger.exe"
"fixmapi.exe","c:\windows\system32\fixmapi.exe"
"fltmc.exe","c:\windows\system32\fltmc.exe"
"fondue.exe","c:\windows\system32\fondue.exe"
"fontview.exe","c:\windows\system32\fontview.exe"
"forfiles.exe","c:\windows\system32\forfiles.exe"
"fsavailux.exe","c:\windows\system32\fsavailux.exe"
"fsutil.exe","c:\windows\system32\fsutil.exe"
"ftp.exe","c:\windows\system32\ftp.exe"
"genvalobj.exe","c:\windows\system32\genvalobj.exe"
"getmac.exe","c:\windows\system32\getmac.exe"
"gpfixup.exe","c:\windows\system32\gpfixup.exe"
"gpresult.exe","c:\windows\system32\gpresult.exe"
"gpscript.exe","c:\windows\system32\gpscript.exe"
"gpupdate.exe","c:\windows\system32\gpupdate.exe"
"grpconv.exe","c:\windows\system32\grpconv.exe"
"hdwwiz.exe","c:\windows\system32\hdwwiz.exe"
"help.exe","c:\windows\system32\help.exe"
"hostname.exe","c:\windows\system32\hostname.exe"
"iashost.exe","c:\windows\system32\iashost.exe"
"icacls.exe","c:\windows\system32\icacls.exe"
"icsunattend.exe","c:\windows\system32\icsunattend.exe"
"ie4uinit.exe","c:\windows\system32\ie4uinit.exe"
"ieetwcollector.exe","c:\windows\system32\ieetwcollector.exe"
"ieunatt.exe","c:\windows\system32\ieunatt.exe"
"iexpress.exe","c:\windows\system32\iexpress.exe"
"immersivetpmvscmgrsvr.exe","c:\windows\system32\immersivetpmvscmgrsvr.exe"
"infdefaultinstall.exe","c:\windows\system32\infdefaultinstall.exe"
"ipconfig.exe","c:\windows\system32\ipconfig.exe"
"iscsicli.exe","c:\windows\system32\iscsicli.exe"
"iscsicpl.exe","c:\windows\system32\iscsicpl.exe"
"ismserv.exe","c:\windows\system32\ismserv.exe"
"klist.exe","c:\windows\system32\klist.exe"
"ksetup.exe","c:\windows\system32\ksetup.exe"
"ktmutil.exe","c:\windows\system32\ktmutil.exe"
"ktpass.exe","c:\windows\system32\ktpass.exe"
"label.exe","c:\windows\system32\label.exe"
"launchtm.exe","c:\windows\system32\launchtm.exe"
"lbfoadmin.exe","c:\windows\system32\lbfoadmin.exe"
"ldifde.exe","c:\windows\system32\ldifde.exe"
"ldp.exe","c:\windows\system32\ldp.exe"
"licensingdiag.exe","c:\windows\system32\licensingdiag.exe"
"licensingui.exe","c:\windows\system32\licensingui.exe"
"locator.exe","c:\windows\system32\locator.exe"
"lodctr.exe","c:\windows\system32\lodctr.exe"
"logman.exe","c:\windows\system32\logman.exe"
"logoff.exe","c:\windows\system32\logoff.exe"
"logonui.exe","c:\windows\system32\logonui.exe"
"lpkinstall.exe","c:\windows\system32\lpkinstall.exe"
"lpksetup.exe","c:\windows\system32\lpksetup.exe"
"lpremove.exe","c:\windows\system32\lpremove.exe"
"lsass.exe","c:\windows\system32\lsass.exe"
"magnify.exe","c:\windows\system32\magnify.exe"
"makecab.exe","c:\windows\system32\makecab.exe"
"mcbuilder.exe","c:\windows\system32\mcbuilder.exe"
"mdres.exe","c:\windows\system32\mdres.exe"
"mdsched.exe","c:\windows\system32\mdsched.exe"
"mmc.exe","c:\windows\system32\mmc.exe"
"mountvol.exe","c:\windows\system32\mountvol.exe"
"mpnotify.exe","c:\windows\system32\mpnotify.exe"
"mrinfo.exe","c:\windows\system32\mrinfo.exe"
"mschedexe.exe","c:\windows\system32\mschedexe.exe"
"msconfig.exe","c:\windows\system32\msconfig.exe"
"msdt.exe","c:\windows\system32\msdt.exe"
"msdtc.exe","c:\windows\system32\msdtc.exe"
"msfeedssync.exe","c:\windows\system32\msfeedssync.exe"
"msg.exe","c:\windows\system32\msg.exe"
"mshta.exe","c:\windows\system32\mshta.exe"
"msiexec.exe","c:\windows\system32\msiexec.exe"
"msinfo32.exe","c:\windows\system32\msinfo32.exe"
"mspaint.exe","c:\windows\system32\mspaint.exe"
"msspellcheckinghost.exe","c:\windows\system32\msspellcheckinghost.exe"
"mstsc.exe","c:\windows\system32\mstsc.exe"
"mtedit.exe","c:\windows\system32\mtedit.exe"
"mtstocom.exe","c:\windows\system32\mtstocom.exe"
"muiunattend.exe","c:\windows\system32\muiunattend.exe"
"multidigimon.exe","c:\windows\system32\multidigimon.exe"
"napstat.exe","c:\windows\system32\napstat.exe"
"narrator.exe","c:\windows\system32\narrator.exe"
"nbtstat.exe","c:\windows\system32\nbtstat.exe"
"ndadmin.exe","c:\windows\system32\ndadmin.exe"
"net.exe","c:\windows\system32\net.exe"
"net1.exe","c:\windows\system32\net1.exe"
"netbtugc.exe","c:\windows\system32\netbtugc.exe"
"netcfg.exe","c:\windows\system32\netcfg.exe"
"netdom.exe","c:\windows\system32\netdom.exe"
"netevtfwdr.exe","c:\windows\system32\netevtfwdr.exe"
"netiougc.exe","c:\windows\system32\netiougc.exe"
"netplwiz.exe","c:\windows\system32\netplwiz.exe"
"netsh.exe","c:\windows\system32\netsh.exe"
"netstat.exe","c:\windows\system32\netstat.exe"
"newdev.exe","c:\windows\system32\newdev.exe"
"nltest.exe","c:\windows\system32\nltest.exe"
"notepad.exe","c:\windows\system32\notepad.exe"
"nslookup.exe","c:\windows\system32\nslookup.exe"
"ntdsutil.exe","c:\windows\system32\ntdsutil.exe"
"ntfrs.exe","c:\windows\system32\ntfrs.exe"
"ntfrsutl.exe","c:\windows\system32\ntfrsutl.exe"
"ntoskrnl.exe","c:\windows\system32\ntoskrnl.exe"
"ntprint.exe","c:\windows\system32\ntprint.exe"
"odbcad32.exe","c:\windows\system32\odbcad32.exe"
"odbcconf.exe","c:\windows\system32\odbcconf.exe"
"openfiles.exe","c:\windows\system32\openfiles.exe"
"openwith.exe","c:\windows\system32\openwith.exe"
"osk.exe","c:\windows\system32\osk.exe"
"pathping.exe","c:\windows\system32\pathping.exe"
"pcaui.exe","c:\windows\system32\pcaui.exe"
"pcwrun.exe","c:\windows\system32\pcwrun.exe"
"perfmon.exe","c:\windows\system32\perfmon.exe"
"phoneactivate.exe","c:\windows\system32\phoneactivate.exe"
"pickerhost.exe","c:\windows\system32\pickerhost.exe"
"ping.exe","c:\windows\system32\ping.exe"
"pkgmgr.exe","c:\windows\system32\pkgmgr.exe"
"plasrv.exe","c:\windows\system32\plasrv.exe"
"pnpunattend.exe","c:\windows\system32\pnpunattend.exe"
"pnputil.exe","c:\windows\system32\pnputil.exe"
"poqexec.exe","c:\windows\system32\poqexec.exe"
"powercfg.exe","c:\windows\system32\powercfg.exe"
"presentationhost.exe","c:\windows\system32\presentationhost.exe"
"prevhost.exe","c:\windows\system32\prevhost.exe"
"print.exe","c:\windows\system32\print.exe"
"printdialoghost.exe","c:\windows\system32\printdialoghost.exe"
"printfilterpipelinesvc.exe","c:\windows\system32\printfilterpipelinesvc.exe"
"printisolationhost.exe","c:\windows\system32\printisolationhost.exe"
"printui.exe","c:\windows\system32\printui.exe"
"proquota.exe","c:\windows\system32\proquota.exe"
"psr.exe","c:\windows\system32\psr.exe"
"qappsrv.exe","c:\windows\system32\qappsrv.exe"
"qprocess.exe","c:\windows\system32\qprocess.exe"
"query.exe","c:\windows\system32\query.exe"
"quser.exe","c:\windows\system32\quser.exe"
"qwinsta.exe","c:\windows\system32\qwinsta.exe"
"rasautou.exe","c:\windows\system32\rasautou.exe"
"rasdial.exe","c:\windows\system32\rasdial.exe"
"rasphone.exe","c:\windows\system32\rasphone.exe"
"rdpclip.exe","c:\windows\system32\rdpclip.exe"
"rdpinit.exe","c:\windows\system32\rdpinit.exe"
"rdpinput.exe","c:\windows\system32\rdpinput.exe"
"rdpsa.exe","c:\windows\system32\rdpsa.exe"
"rdpsaproxy.exe","c:\windows\system32\rdpsaproxy.exe"
"rdpsauachelper.exe","c:\windows\system32\rdpsauachelper.exe"
"rdpshell.exe","c:\windows\system32\rdpshell.exe"
"rdpsign.exe","c:\windows\system32\rdpsign.exe"
"rdspnf.exe","c:\windows\system32\rdspnf.exe"
"reagentc.exe","c:\windows\system32\reagentc.exe"
"recover.exe","c:\windows\system32\recover.exe"
"redircmp.exe","c:\windows\system32\redircmp.exe"
"redirusr.exe","c:\windows\system32\redirusr.exe"
"reg.exe","c:\windows\system32\reg.exe"
"regedt32.exe","c:\windows\system32\regedt32.exe"
"regini.exe","c:\windows\system32\regini.exe"
"register-cimprovider.exe","c:\windows\system32\register-cimprovider.exe"
"regsvr32.exe","c:\windows\system32\regsvr32.exe"
"rekeywiz.exe","c:\windows\system32\rekeywiz.exe"
"relog.exe","c:\windows\system32\relog.exe"
"relpost.exe","c:\windows\system32\relpost.exe"
"rendom.exe","c:\windows\system32\rendom.exe"
"repadmin.exe","c:\windows\system32\repadmin.exe"
"replace.exe","c:\windows\system32\replace.exe"
"reset.exe","c:\windows\system32\reset.exe"
"resmon.exe","c:\windows\system32\resmon.exe"
"rmactivate.exe","c:\windows\system32\rmactivate.exe"
"rmactivate_isv.exe","c:\windows\system32\rmactivate_isv.exe"
"rmactivate_ssp.exe","c:\windows\system32\rmactivate_ssp.exe"
"rmactivate_ssp_isv.exe","c:\windows\system32\rmactivate_ssp_isv.exe"
"rmclient.exe","c:\windows\system32\rmclient.exe"
"rmttpmvscmgrsvr.exe","c:\windows\system32\rmttpmvscmgrsvr.exe"
"robocopy.exe","c:\windows\system32\robocopy.exe"
"route.exe","c:\windows\system32\route.exe"
"rpcping.exe","c:\windows\system32\rpcping.exe"
"rsopprov.exe","c:\windows\system32\rsopprov.exe"
"runas.exe","c:\windows\system32\runas.exe"
"rundll32.exe","c:\windows\system32\rundll32.exe"
"runlegacycplelevated.exe","c:\windows\system32\runlegacycplelevated.exe"
"runonce.exe","c:\windows\system32\runonce.exe"
"runtimebroker.exe","c:\windows\system32\runtimebroker.exe"
"rwinsta.exe","c:\windows\system32\rwinsta.exe"
"sacsess.exe","c:\windows\system32\sacsess.exe"
"sc.exe","c:\windows\system32\sc.exe"
"schtasks.exe","c:\windows\system32\schtasks.exe"
"scshost.exe","c:\windows\system32\scshost.exe"
"scss.exe","c:\windows\system32\scss.exe"
"scw.exe","c:\windows\system32\scw.exe"
"scwcmd.exe","c:\windows\system32\scwcmd.exe"
"scwviewer.exe","c:\windows\system32\scwviewer.exe"
"sdbinst.exe","c:\windows\system32\sdbinst.exe"
"sdiagnhost.exe","c:\windows\system32\sdiagnhost.exe"
"secedit.exe","c:\windows\system32\secedit.exe"
"secinit.exe","c:\windows\system32\secinit.exe"
"serverceipoptin.exe","c:\windows\system32\serverceipoptin.exe"
"servermanager.exe","c:\windows\system32\servermanager.exe"
"servermanagerlauncher.exe","c:\windows\system32\servermanagerlauncher.exe"
"servertelemetryconfig.exe","c:\windows\system32\servertelemetryconfig.exe"
"serverweroptin.exe","c:\windows\system32\serverweroptin.exe"
"services.exe","c:\windows\system32\services.exe"
"sessionmsg.exe","c:\windows\system32\sessionmsg.exe"
"sethc.exe","c:\windows\system32\sethc.exe"
"setres.exe","c:\windows\system32\setres.exe"
"setspn.exe","c:\windows\system32\setspn.exe"
"setupcl.exe","c:\windows\system32\setupcl.exe"
"setupugc.exe","c:\windows\system32\setupugc.exe"
"setx.exe","c:\windows\system32\setx.exe"
"sfc.exe","c:\windows\system32\sfc.exe"
"shrpubw.exe","c:\windows\system32\shrpubw.exe"
"shutdown.exe","c:\windows\system32\shutdown.exe"
"sigverif.exe","c:\windows\system32\sigverif.exe"
"slui.exe","c:\windows\system32\slui.exe"
"smartscreensettings.exe","c:\windows\system32\smartscreensettings.exe"
"smss.exe","c:\windows\system32\smss.exe"
"sndvol.exe","c:\windows\system32\sndvol.exe"
"snmptrap.exe","c:\windows\system32\snmptrap.exe"
"sort.exe","c:\windows\system32\sort.exe"
"spaceagent.exe","c:\windows\system32\spaceagent.exe"
"spoolsv.exe","c:\windows\system32\spoolsv.exe"
"sppextcomobj.exe","c:\windows\system32\sppextcomobj.exe"
"sppsvc.exe","c:\windows\system32\sppsvc.exe"
"subst.exe","c:\windows\system32\subst.exe"
"svchost.exe","c:\windows\system32\svchost.exe"
"sxstrace.exe","c:\windows\system32\sxstrace.exe"
"synchost.exe","c:\windows\system32\synchost.exe"
"syskey.exe","c:\windows\system32\syskey.exe"
"systeminfo.exe","c:\windows\system32\systeminfo.exe"
"systempropertiesadvanced.exe","c:\windows\system32\systempropertiesadvanced.exe"
"systempropertiescomputername.exe","c:\windows\system32\systempropertiescomputername.exe"
"systempropertiesdataexecutionprevention.exe","c:\windows\system32\systempropertiesdataexecutionprevention.exe"
"systempropertieshardware.exe","c:\windows\system32\systempropertieshardware.exe"
"systempropertiesperformance.exe","c:\windows\system32\systempropertiesperformance.exe"
"systempropertiesprotection.exe","c:\windows\system32\systempropertiesprotection.exe"
"systempropertiesremote.exe","c:\windows\system32\systempropertiesremote.exe"
"systray.exe","c:\windows\system32\systray.exe"
"tabcal.exe","c:\windows\system32\tabcal.exe"
"takeown.exe","c:\windows\system32\takeown.exe"
"tapiunattend.exe","c:\windows\system32\tapiunattend.exe"
"taskeng.exe","c:\windows\system32\taskeng.exe"
"taskhost.exe","c:\windows\system32\taskhost.exe"
"taskhostex.exe","c:\windows\system32\taskhostex.exe"
"taskkill.exe","c:\windows\system32\taskkill.exe"
"tasklist.exe","c:\windows\system32\tasklist.exe"
"taskmgr.exe","c:\windows\system32\taskmgr.exe"
"tcmsetup.exe","c:\windows\system32\tcmsetup.exe"
"tcpsvcs.exe","c:\windows\system32\tcpsvcs.exe"
"thumbnailextractionhost.exe","c:\windows\system32\thumbnailextractionhost.exe"
"tieringengineservice.exe","c:\windows\system32\tieringengineservice.exe"
"timeout.exe","c:\windows\system32\timeout.exe"
"tpminit.exe","c:\windows\system32\tpminit.exe"
"tpmvscmgr.exe","c:\windows\system32\tpmvscmgr.exe"
"tpmvscmgrsvr.exe","c:\windows\system32\tpmvscmgrsvr.exe"
"tracerpt.exe","c:\windows\system32\tracerpt.exe"
"tracert.exe","c:\windows\system32\tracert.exe"
"transformationrulesparser.exe","c:\windows\system32\transformationrulesparser.exe"
"tscon.exe","c:\windows\system32\tscon.exe"
"tsdiscon.exe","c:\windows\system32\tsdiscon.exe"
"tsecimp.exe","c:\windows\system32\tsecimp.exe"
"tskill.exe","c:\windows\system32\tskill.exe"
"tstheme.exe","c:\windows\system32\tstheme.exe"
"tswbprxy.exe","c:\windows\system32\tswbprxy.exe"
"typeperf.exe","c:\windows\system32\typeperf.exe"
"tzsync.exe","c:\windows\system32\tzsync.exe"
"tzutil.exe","c:\windows\system32\tzutil.exe"
"ucsvc.exe","c:\windows\system32\ucsvc.exe"
"ui0detect.exe","c:\windows\system32\ui0detect.exe"
"unlodctr.exe","c:\windows\system32\unlodctr.exe"
"upnpcont.exe","c:\windows\system32\upnpcont.exe"
"useraccountbroker.exe","c:\windows\system32\useraccountbroker.exe"
"useraccountcontrolsettings.exe","c:\windows\system32\useraccountcontrolsettings.exe"
"userinit.exe","c:\windows\system32\userinit.exe"
"utilman.exe","c:\windows\system32\utilman.exe"
"vaultcmd.exe","c:\windows\system32\vaultcmd.exe"
"vds.exe","c:\windows\system32\vds.exe"
"vdsldr.exe","c:\windows\system32\vdsldr.exe"
"verclsid.exe","c:\windows\system32\verclsid.exe"
"verifier.exe","c:\windows\system32\verifier.exe"
"vssadmin.exe","c:\windows\system32\vssadmin.exe"
"vssuirun.exe","c:\windows\system32\vssuirun.exe"
"vssvc.exe","c:\windows\system32\vssvc.exe"
"w32tm.exe","c:\windows\system32\w32tm.exe"
"waitfor.exe","c:\windows\system32\waitfor.exe"
"wallpaperhost.exe","c:\windows\system32\wallpaperhost.exe"
"wecutil.exe","c:\windows\system32\wecutil.exe"
"werfault.exe","c:\windows\system32\werfault.exe"
"werfaultsecure.exe","c:\windows\system32\werfaultsecure.exe"
"wermgr.exe","c:\windows\system32\wermgr.exe"
"wevtutil.exe","c:\windows\system32\wevtutil.exe"
"wextract.exe","c:\windows\system32\wextract.exe"
"where.exe","c:\windows\system32\where.exe"
"whoami.exe","c:\windows\system32\whoami.exe"
"wimserv.exe","c:\windows\system32\wimserv.exe"
"wininit.exe","c:\windows\system32\wininit.exe"
"winload.exe","c:\windows\system32\winload.exe"
"winlogon.exe","c:\windows\system32\winlogon.exe"
"winresume.exe","c:\windows\system32\winresume.exe"
"winrs.exe","c:\windows\system32\winrs.exe"
"winrshost.exe","c:\windows\system32\winrshost.exe"
"winver.exe","c:\windows\system32\winver.exe"
"wkspbroker.exe","c:\windows\system32\wkspbroker.exe"
"wksprt.exe","c:\windows\system32\wksprt.exe"
"wlrmdr.exe","c:\windows\system32\wlrmdr.exe"
"wowreg32.exe","c:\windows\system32\wowreg32.exe"
"write.exe","c:\windows\system32\write.exe"
"wscript.exe","c:\windows\system32\wscript.exe"
"wsmanhttpconfig.exe","c:\windows\system32\wsmanhttpconfig.exe"
"wsmprovhost.exe","c:\windows\system32\wsmprovhost.exe"
"wsqmcons.exe","c:\windows\system32\wsqmcons.exe"
"wuapp.exe","c:\windows\system32\wuapp.exe"
"wuauclt.exe","c:\windows\system32\wuauclt.exe"
"wudfhost.exe","c:\windows\system32\wudfhost.exe"
"wusa.exe","c:\windows\system32\wusa.exe"
"wwahost.exe","c:\windows\system32\wwahost.exe"
"xcopy.exe","c:\windows\system32\xcopy.exe"
"xwizard.exe","c:\windows\system32\xwizard.exe"
"bfsvc.exe","c:\windows\bfsvc.exe"
"explorer.exe","c:\windows\explorer.exe"
"helppane.exe","c:\windows\helppane.exe"
"hh.exe","c:\windows\hh.exe"
"regedit.exe","c:\windows\regedit.exe"
"splwow64.exe","c:\windows\splwow64.exe"
"winhlp32.exe","c:\windows\winhlp32.exe"
"write.exe","c:\windows\write.exe"